<?xml version="1.0" encoding="utf-8"?>
<extension version="2.5.0" type="module" client="site" method="upgrade">
 <!-- 
      CODE GENERATED BY: ALEXEY GORDEYEV IK CODE GENERATOR
      HTTP://WWW.AGJOOMLA.COM/   
  -->  
   <name>Weather Module</name>
   <version>1.0.0</version>
   <creationDate>10 Mar 2012</creationDate>
   <author>Slava Poddubsky</author>
   <authorEmail>vicheslav.p@tut.by</authorEmail>
   <authorUrl>http://berezinogkh.by</authorUrl>
   <copyright>Copyright © 2012 - All rights reserved.</copyright>
   <license>GNU General Public License v2.0</license>
   <description><![CDATA[Module for show weather for Belarus cities from site http://www.meteonova.by/]]></description>
	<files>
		<filename module="mod_weather">mod_weather.php</filename>
		<filename>index.html</filename>
		<filename>helper.php</filename>
		<folder>tmpl</folder>
    <folder>css</folder>
    <folder>scripts</folder>
    <folder>images</folder>
	</files>
  <languages folder="language">
    <!-- Any language files included with the module -->
        <language tag="en-GB">en-GB/en-GB.mod_weather.ini</language>
        <language tag="en-GB">en-GB/en-GB.mod_weather.sys.ini</language>
        <language tag="ru-RU">ru-RU/ru-RU.mod_weather.ini</language>
        <language tag="ru-RU">ru-RU/ru-RU.mod_weather.sys.ini</language>
    </languages>
	<config>
		<fields name="params">
			<fieldset name="basic">
		      <field name="moduleclass_sfx" type="text" default="" label="AG_CG_MOD_SUF" description="AG_CG_MOD_SUF_DESC" />
		      <field name="@spacer" type="spacer" default="" label=""	description="" />
		      <field name="cache_href" type="radio" default="1" label="AG_CG_CASHE_HREF" description="AG_CG_CASHE_HREF_DESC">
			        <option value="0">No</option>
			        <option value="1">Yes</option>
		      </field>
    
			</fieldset>
		</fields>
	</config>
</extension>